Genus,Recent_5yr_Mean,Previous_5yr_Mean,Momentum
aphelenchoides,34.8,17.8,95.50561797752806
ditylenchus,25.4,14.2,78.87323943661971
meloidogyne,383.0,224.0,70.98214285714286
bursaphelenchus,95.6,57.8,65.39792387543253
helicotylenchus,14.6,9.4,55.3191489361702
pratylenchus,73.6,50.2,46.61354581673305
xiphinema,13.2,10.2,29.411764705882355
heterodera,121.8,97.0,25.56701030927835
rotylenchulus,8.4,6.8,23.52941176470589
globodera,53.8,44.0,22.272727272727266
