,N_Species,N_Papers,Mean_Cit,Years_Span,Papers_Per_Year,Citations_Per_Paper
N_Species,1.0,0.4410541926922962,0.4482713592817446,0.5674763555343824,0.35796345415556197,0.4482713592817446
N_Papers,0.4410541926922962,1.0,0.4956852357787845,0.3814276913162306,0.9678712717214338,0.4956852357787845
Mean_Cit,0.4482713592817446,0.4956852357787845,1.0,0.5100728265107205,0.45172791188035893,1.0
Years_Span,0.5674763555343824,0.3814276913162306,0.5100728265107205,1.0,0.21845728730184827,0.5100728265107205
Papers_Per_Year,0.35796345415556197,0.9678712717214338,0.45172791188035893,0.21845728730184827,1.0,0.4517279118803589
Citations_Per_Paper,0.4482713592817446,0.4956852357787845,1.0,0.5100728265107205,0.4517279118803589,1.0
