,N_Species,N_Papers,Mean_Cit,Years_Span,Papers_Per_Year,Citations_Per_Paper
N_Species,1.0,0.8946674835743047,-0.024698077053765193,0.43604765497815523,0.8672593993561991,-0.024698077053765193
N_Papers,0.8946674835743047,1.0,0.10798231006910815,0.3734147678322924,0.9892252680818344,0.10798231006910815
Mean_Cit,-0.024698077053765193,0.10798231006910815,1.0,0.21958070001750396,0.1117219381066809,1.0
Years_Span,0.43604765497815523,0.3734147678322924,0.21958070001750396,1.0,0.26668985447296045,0.21958070001750388
Papers_Per_Year,0.8672593993561991,0.9892252680818344,0.1117219381066809,0.26668985447296045,1.0,0.11172193810668088
Citations_Per_Paper,-0.024698077053765193,0.10798231006910815,1.0,0.21958070001750388,0.11172193810668088,1.0
