Genus,Recent_5yr_Mean,Previous_5yr_Mean,Momentum
Tylenchorhynchus,6.0,1.3333333333333333,350.00000000000006
Heterodera,13.5,3.8,255.26315789473682
Pratylenchus,12.4,7.2,72.22222222222221
Meloidogyne,31.8,20.6,54.36893203883495
Bursaphelenchus,8.8,5.75,53.043478260869584
Globodera,6.666666666666667,6.0,11.111111111111116
Longidorus,7.0,7.2,-2.77777777777778
Rotylenchus,5.2,5.5,-5.4545454545454515
Aphelenchoides,8.0,9.5,-15.789473684210526
Xiphinema,9.6,17.2,-44.18604651162791
